draw_id,date,n1,n2,n3,n4,n5,special
1,29/06/25,7,9,10,16,19,9
2,29/06/25,6,12,14,18,25,8
3,30/06/25,2,8,16,23,24,9
4,30/06/25,1,12,13,27,28,7
5,01/07/25,1,18,25,27,33,5
6,01/07/25,5,18,20,30,34,7
7,02/07/25,13,20,23,27,35,1
8,02/07/25,9,11,27,29,35,9
9,03/07/25,28,32,33,34,35,8
10,03/07/25,10,23,24,30,33,6
11,04/07/25,1,3,7,10,24,8
12,04/07/25,3,18,20,29,34,3
13,05/07/25,5,14,15,23,34,5
14,05/07/25,3,13,19,25,29,7
15,06/07/25,3,11,12,27,32,10
16,06/07/25,6,7,13,28,29,7
17,07/07/25,1,8,14,19,23,6
18,07/07/25,6,7,10,22,34,8
19,08/07/25,14,15,17,28,31,8
20,08/07/25,2,6,20,26,32,12
21,09/07/25,1,2,12,25,31,12
22,09/07/25,2,7,9,28,31,12
23,10/07/25,11,17,24,28,30,5
24,10/07/25,9,24,29,32,35,8
25,11/07/25,8,11,17,18,20,1
26,11/07/25,1,5,8,20,24,8
27,12/07/25,5,14,26,31,35,7
28,12/07/25,5,11,16,20,34,6
29,13/07/25,13,15,19,22,27,10
30,13/07/25,12,14,19,27,34,8
31,14/07/25,2,3,12,14,22,3
32,14/07/25,7,8,22,23,28,5
33,15/07/25,3,7,12,19,26,6
34,15/07/25,9,12,22,31,35,2
35,16/07/25,7,11,13,17,25,9
36,16/07/25,2,10,20,34,35,2
37,17/07/25,1,4,8,18,29,7
38,17/07/25,7,11,17,18,25,1
39,18/07/25,2,10,12,16,34,2
40,18/07/25,5,11,16,27,34,9
41,19/07/25,5,19,20,21,30,11
42,19/07/25,4,16,24,26,31,11
43,20/07/25,9,14,28,33,35,10
44,20/07/25,21,28,31,34,35,1
45,21/07/25,8,20,24,27,28,3
46,21/07/25,2,16,18,22,30,5
47,22/07/25,3,14,16,21,25,5
48,22/07/25,7,10,26,28,33,2
49,23/07/25,3,21,28,33,34,5
50,23/07/25,17,18,27,29,33,8
51,24/07/25,7,8,18,22,33,7
52,24/07/25,9,10,11,30,35,1
53,25/07/25,9,10,19,22,24,7
54,25/07/25,16,18,19,23,25,11
55,26/07/25,1,7,12,16,23,8
56,26/07/25,3,6,11,27,33,6
57,27/07/25,1,14,19,25,27,8
58,27/07/25,10,24,28,30,32,1
59,28/07/25,1,3,28,32,33,11
60,28/07/25,15,19,25,32,33,5
61,29/07/25,1,5,16,28,29,8
62,29/07/25,20,21,29,31,33,3
63,30/07/25,4,9,10,18,19,2
64,30/07/25,13,21,26,27,32,3
65,31/07/25,3,10,24,26,34,6
66,31/07/25,3,6,22,31,33,2
67,01/08/25,12,14,16,22,23,9
68,01/08/25,9,12,22,26,31,11
69,02/08/25,1,3,7,10,25,11
70,02/08/25,1,12,18,20,25,10
71,03/08/25,1,6,8,23,25,12
72,03/08/25,7,14,15,29,34,9
73,04/08/25,5,20,25,30,32,10
74,04/08/25,5,13,23,25,33,11
75,05/08/25,8,20,24,30,34,1
76,05/08/25,5,8,10,13,32,10
77,06/08/25,12,25,31,32,35,4
78,06/08/25,7,10,15,16,29,9
79,07/08/25,1,18,27,29,30,7
80,07/08/25,6,12,18,23,25,11
81,08/08/25,2,15,22,30,33,6
82,08/08/25,1,9,15,16,20,11
83,09/08/25,2,15,20,24,28,10
84,09/08/25,9,16,17,26,32,12
85,10/08/25,8,16,18,28,34,7
86,10/08/25,22,24,28,31,34,3
87,11/08/25,2,9,11,17,23,3
88,11/08/25,3,4,10,13,32,1
89,12/08/25,8,17,24,25,33,5
90,12/08/25,1,8,10,27,29,11
91,13/08/25,20,22,25,28,32,1
92,13/08/25,13,18,23,26,27,12
93,14/08/25,11,19,22,27,35,10
94,14/08/25,3,4,11,29,30,3
95,15/08/25,5,6,27,33,34,8
96,15/08/25,3,9,20,26,33,4
97,16/08/25,8,21,24,33,34,3
98,16/08/25,3,18,20,26,30,2
99,17/08/25,15,20,23,27,30,4
100,17/08/25,1,5,12,27,30,3
101,18/08/25,1,4,17,33,34,6
102,18/08/25,5,10,15,20,28,12
103,19/08/25,3,10,24,30,33,4
104,19/08/25,14,20,22,28,32,6
105,20/08/25,5,10,15,24,25,7
106,20/08/25,3,6,18,25,35,12
107,21/08/25,2,4,13,15,26,1
108,21/08/25,9,13,18,24,29,2
109,22/08/25,8,9,32,33,34,2
110,22/08/25,16,20,23,28,31,2
111,23/08/25,4,13,14,26,30,8
112,23/08/25,6,11,16,17,29,7
113,24/08/25,8,9,21,23,30,12
114,24/08/25,4,12,25,29,34,12
115,25/08/25,1,7,14,25,26,1
116,25/08/25,2,15,19,25,34,6
117,26/08/25,13,20,25,27,30,11
118,26/08/25,7,11,26,34,35,9
119,27/08/25,7,11,17,22,35,8
120,27/08/25,2,9,10,24,30,5
121,28/08/25,3,18,19,23,30,7
122,28/08/25,1,4,17,18,28,5
123,29/08/25,8,10,21,27,31,5
124,29/08/25,9,12,13,19,25,8
125,30/08/25,7,11,18,20,27,10
126,30/08/25,4,6,14,15,20,9
127,31/08/25,1,8,19,21,30,11
128,31/08/25,2,10,22,23,31,12
129,01/09/25,9,22,24,30,35,7
130,01/09/25,5,7,10,21,30,7
131,02/09/25,1,10,12,22,31,2
132,02/09/25,5,9,12,32,35,1
133,03/09/25,1,6,9,17,26,4
134,03/09/25,1,5,10,21,30,3
135,04/09/25,12,17,23,26,29,12
136,04/09/25,4,5,27,28,30,5
137,05/09/25,1,4,20,23,35,11
138,05/09/25,6,15,17,20,30,10
139,06/09/26,7,11,13,27,34,4
140,06/09/25,5,7,29,32,33,12
141,07/09/25,1,3,10,14,15,7
142,07/09/25,21,25,26,29,30,9
143,08/09/25,11,14,19,21,25,2
144,08/09/25,17,18,19,22,34,3
145,09/09/25,3,4,21,26,33,5
146,09/09/25,11,15,19,27,33,1
147,10/09/25,6,13,14,23,29,6
148,10/09/25,4,13,16,23,29,11
149,11/09/25,1,6,25,28,30,2
150,11/09/25,13,22,25,30,31,9
151,12/09/25,15,17,19,20,34,3
152,12/09/25,2,6,7,24,28,1
153,13/09/25,3,19,26,33,34,8
154,13/09/25,2,6,28,29,31,12
155,14/09/25,1,6,7,11,31,3
156,14/09/25,6,10,11,12,27,4
157,15/09/25,1,11,16,25,29,7
158,15/09/25,11,16,20,27,32,2
159,16/09/25,8,14,16,19,29,7
160,16/09/25,3,10,13,22,28,3
161,17/09/25,1,12,14,19,20,7
162,17/09/25,1,13,14,15,21,8
163,18/09/25,11,13,15,17,30,6
164,18/09/25,8,10,14,23,25,4
165,19/09/25,10,27,29,30,34,10
166,19/09/25,11,18,20,24,25,8
167,20/09/25,3,14,20,23,35,6
168,20/09/25,3,4,8,18,31,7
169,21/09/25,5,13,15,22,23,4
170,21/09/25,3,12,20,21,29,5
171,22/09/25,5,15,26,30,34,5
172,22/09/25,6,9,20,25,31,7
173,23/09/25,1,2,3,10,11,4
174,24/09/25,9,16,17,20,24,8
175,24/09/25,8,11,15,18,28,2
176,25/09/25,3,12,13,19,28,2
177,25/09/25,1,3,14,22,28,6
178,26/09/25,5,14,21,22,27,8
179,26/09/25,10,12,15,17,22,8
180,27/09/25,10,21,28,31,33,7
181,27/09/25,6,18,19,21,23,7
182,28/09/25,3,9,21,22,25,11
183,28/09/25,4,7,10,15,30,7
184,29/09/25,10,31,33,34,35,10
185,29/09/25,6,15,17,23,25,5
186,30/09/25,15,18,21,27,33,6
187,30/09/25,3,5,8,23,29,1
188,01/10/25,13,16,19,20,31,11
189,01/10/25,2,9,14,15,35,8
190,02/10/25,6,24,27,33,34,8
191,02/10/25,19,22,26,27,33,5
192,03/10/25,8,9,14,27,35,11
193,03/10/25,6,7,8,10,33,1
194,04/10/25,1,11,22,31,33,10
195,04/10/25,21,23,26,27,28,6
196,05/10/25,2,11,20,26,28,4
197,05/10/25,8,9,22,32,33,12
198,06/10/25,17,18,20,21,34,12
199,06/10/25,3,4,9,11,21,5
200,07/10/25,7,18,22,23,33,10
201,07/10/25,2,16,17,30,33,7
202,08/10/25,3,13,19,23,25,12
203,08/10/25,1,7,8,28,34,11
204,09/10/25,10,13,28,31,34,12
205,09/10/25,7,21,24,25,28,3
206,09/10/25,3,7,10,13,14,8
207,10/10/25,3,10,13,24,31,10
208,10/10/25,1,5,16,22,26,4
209,11/10/25,2,18,19,29,32,7
210,11/10/25,13,16,21,22,23,4
211,12/10/25,8,15,22,26,28,11
212,12/10/25,8,15,28,33,34,9
213,13/10/25,2,17,32,33,34,3
214,13/10/25,16,19,25,26,32,11
215,14/10/25,7,12,14,20,28,4
216,14/10/25,1,18,21,23,26,11
217,15/10/25,1,4,14,15,32,8
218,15/10/25,2,4,21,30,34,11
219,16/10/25,1,9,12,20,23,1
220,16/10/25,10,19,21,29,32,4
221,17/10/25,18,25,26,34,35,7
222,17/10/25,20,23,25,28,34,7
223,18/10/25,6,8,13,24,25,3
224,18/10/25,2,4,16,28,30,6
225,19/10/25,7,12,23,30,35,4
226,19/10/25,2,7,22,33,34,5
227,20/10/25,17,19,29,31,35,11
228,20/10/25,2,12,21,24,35,2
229,21/10/25,1,14,20,31,32,3
230,21/10/25,3,14,20,21,23,1
231,22/10/25,7,12,20,32,34,7
232,22/10/25,6,11,15,25,26,6
233,23/10/25,6,10,11,12,30,4
234,23/10/25,3,7,24,25,34,6
235,24/10/25,2,4,11,15,20,6
236,24/10/25,5,11,21,22,33,11
237,25/10/25,1,10,14,19,25,4
238,25/10/25,12,14,25,28,31,5
239,26/10/25,17,22,24,31,32,1
240,26/10/25,4,26,27,30,34,2
241,27/10/25,8,9,25,26,32,6
242,27/10/25,16,17,20,24,34,3
243,28/10/25,10,14,28,33,34,7
244,28/10/25,6,7,10,19,22,12
245,29/10/25,1,8,17,20,24,1
246,29/10/25,15,18,31,34,35,3
247,30/10/25,11,20,23,27,34,5
248,30/10/25,9,11,12,24,28,7
249,31/10/25,5,8,15,17,18,10
250,31/10/25,6,14,21,34,35,5
251,01/11/25,6,11,14,20,30,9
252,01/11/25,2,4,18,26,31,11
253,02/11/25,4,8,14,24,32,1
254,02/11/25,13,29,30,32,35,4
255,03/11/25,4,6,11,20,33,1
256,03/11/25,6,25,27,32,35,3
257,04/11/25,6,7,8,21,34,1
258,04/11/25,7,20,28,29,31,6
259,05/11/25,6,11,25,33,35,10
260,05/11/25,1,4,17,18,19,5
261,06/11/25,3,13,14,19,28,9
262,06/11/25,5,6,14,18,28,11
263,07/11/25,2,14,15,20,33,9
264,07/11/25,11,26,28,32,34,4
265,08/11/25,5,9,13,22,34,12
266,08/11/25,6,7,20,23,34,3
267,09/11/25,3,5,15,21,23,10
268,09/11/25,7,10,11,14,29,2
269,10/11/25,4,9,13,24,27,12
270,10/11/25,5,7,10,31,35,9
271,11/11/25,4,6,9,23,33,12
272,11/11/25,5,10,11,23,29,8
273,12/11/25,3,11,12,28,31,12
274,12/11/25,7,10,11,24,26,6
275,13/11/25,7,9,21,27,30,4
276,13/11/25,3,8,17,22,30,1
277,14/11/25,14,19,22,26,28,7
278,14/11/25,8,12,14,25,35,3
279,15/11/25,2,15,20,22,32,10
280,15/11/25,8,20,21,28,29,3
281,16/11/25,2,15,21,22,28,7
282,16/11/25,1,18,20,26,30,12
283,17/11/25,3,13,14,18,34,2
284,17/11/25,7,9,23,30,34,2
285,18/11/25,3,17,30,33,34,8
286,18/11/25,8,11,17,21,29,3
287,19/11/25,9,20,24,26,34,12
288,19/11/25,12,14,20,33,34,1
289,20/11/25,6,14,21,24,30,5
290,20/11/25,1,7,15,17,23,11
291,21/11/25,7,8,10,24,25,8
292,21/11/25,5,7,11,19,23,11
293,22/11/25,17,23,28,30,31,2
294,22/11/25,7,16,23,24,27,9
295,23/11/25,5,19,22,34,35,12
296,23/11/25,14,17,22,30,32,11
297,24/11/25,11,12,15,28,33,6
298,24/11/25,5,20,24,32,33,5
299,25/11/25,5,12,28,31,33,7
300,25/11/25,11,22,28,29,31,10
301,26/11/25,11,14,19,21,27,8
302,26/11/25,2,4,18,30,34,4
303,27/11/25,4,8,14,20,32,1
304,27/11/25,1,10,16,30,34,7
305,28/11/25,2,18,20,30,34,9
306,28/11/25,18,29,30,32,35,2
307,29/11/25,2,12,22,30,32,9
308,29/11/25,8,11,17,18,28,4
309,30/11/25,11,19,24,27,32,4
310,30/11/25,9,10,11,18,25,12
311,01/12/25,3,16,21,29,34,12
312,01/12/25,9,13,19,30,33,12
313,02/12/25,1,2,4,14,23,7
314,02/12/25,9,12,14,28,35,10
315,03/12/25,4,8,22,24,34,5
316,03/12/25,9,10,27,30,31,2
317,04/12/25,2,7,11,20,26,10
318,04/12/25,3,7,12,13,21,1
319,05/12/25,13,18,20,28,30,3
320,05/12/25,3,10,11,21,30,10
321,06/12/25,5,7,13,22,34,11
322,06/12/25,1,11,13,23,25,8
323,07/12/25,11,17,21,23,31,2
324,07/12/25,4,8,11,18,35,9
325,08/12/25,2,3,16,23,31,12
326,08/12/25,2,7,28,32,35,8
327,09/12/25,1,8,10,13,32,3
328,09/12/25,2,10,23,33,35,4
329,10/12/25,1,24,30,34,35,3
330,10/12/25,1,15,26,29,33,9
331,11/12/25,7,8,10,12,32,2
332,11/12/25,3,10,16,23,29,11
333,12/12/25,8,25,30,33,34,11
334,12/12/25,1,3,7,10,28,4
335,13/12/25,1,11,26,29,35,10
336,13/12/25,5,7,15,16,18,10
337,14/12/25,8,13,14,27,35,6
338,14/12/25,8,9,11,25,26,7
339,15/12/25,1,2,5,12,16,9
340,15/12/25,20,21,24,25,28,9
341,16/12/25,2,3,7,16,17,10
342,16/12/25,7,10,26,27,35,11
343,17/12/25,6,23,27,28,30,6
344,17/12/25,7,10,17,19,22,1
345,18/12/25,14,15,17,27,34,8
346,18/12/26,2,7,22,25,31,9
347,19/12/25,4,5,13,29,35,5
348,19/12/25,3,13,15,16,23,10
349,20/12/25,1,7,9,16,30,11
350,20/12/25,11,12,13,14,19,7
351,21/12/25,6,16,28,33,35,8
352,21/12/25,6,26,27,33,34,7
353,22/12/25,8,12,14,24,27,9
354,22/12/25,13,31,32,33,35,11
355,23/12/25,3,23,28,32,35,9
356,23/12/25,22,23,26,34,35,3
357,24/12/25,1,2,4,10,33,3
358,24/12/25,19,20,27,31,34,5
359,25/12/25,5,12,25,28,33,8
360,25/12/25,2,4,14,24,34,10
361,26/12/25,1,2,19,21,31,3
362,26/12/25,11,17,19,26,33,8
363,27/12/25,1,2,20,24,33,10
364,27/12/25,4,8,14,33,35,11
365,28/12/25,11,14,27,30,35,9
366,28/12/25,2,5,7,8,21,12
367,29/12/25,4,6,13,16,30,10
368,29/12/25,3,21,22,30,33,1
369,30/12/25,2,13,19,23,24,11
370,30/12/25,7,15,23,24,33,2
371,31/12/25,11,21,25,28,33,3
372,31/12/25,3,5,11,25,30,12
373,01/01/26,11,17,23,26,34,12
374,01/01/26,2,3,20,25,30,3
375,02/01/26,13,17,22,23,29,8
376,02/01/26,3,9,10,14,25,6
377,03/01/26,7,11,12,22,30,5
378,03/01/26,2,6,24,28,34,1
379,04/01/26,12,14,22,25,29,1
380,04/01/26,13,16,26,29,34,2
381,05/01/26,5,13,14,19,26,9
382,05/01/26,1,2,6,10,17,1
383,06/01/26,7,25,26,27,31,5
384,06/01/26,4,6,12,16,31,2
385,07/01/26,22,27,29,33,34,3
386,07/01/26,1,7,14,28,29,5
387,08/01/26,4,9,13,25,30,6
388,08/01/26,6,7,10,28,35,6
389,09/01/26,1,25,28,32,35,12
390,09/01/26,5,11,14,20,32,1
391,10/01/26,13,14,21,26,31,10
392,10/01/26,2,8,17,23,28,4
393,11/01/26,4,6,24,25,26,7
394,11/01/26,2,22,23,26,29,9
395,12/01/26,4,14,19,22,26,7
396,12/01/26,4,21,25,28,33,11
397,13/01/26,10,15,16,18,26,9
398,13/01/26,3,4,6,10,27,4
399,14/01/26,3,4,5,19,35,8
400,14/01/26,2,6,8,19,29,9
401,15/01/26,6,9,23,24,25,7
402,15/01/26,3,6,15,17,23,2
403,16/01/26,1,3,10,26,34,3
404,16/01/26,2,6,10,24,29,5
405,17/01/26,13,18,24,29,32,1
406,17/01/26,1,2,13,27,31,10
407,18/01/26,3,13,14,20,35,12
408,18/01/26,2,9,14,15,22,12
409,19/01/26,5,13,14,19,21,10
410,19/01/26,7,8,10,14,35,9
411,20/01/26,1,15,19,21,26,2
412,20/01/26,14,15,18,19,33,4
413,21/01/26,8,16,24,29,30,5
414,21/01/26,1,4,7,8,33,9
415,22/01/26,8,17,20,27,31,12
416,22/01/26,7,10,12,22,23,3
417,23/01/26,10,13,25,31,32,1
418,23/01/26,5,7,10,28,29,2
419,24/01/26,13,15,22,27,31,10
420,24/01/26,2,25,26,28,34,6
421,25/01/26,15,18,27,32,35,11
422,25/01/26,1,11,15,19,31,4
423,26/01/26,3,18,25,29,32,8
424,26/01/26,9,23,29,34,35,12
425,27/01/26,5,8,9,14,28,2
426,27/01/26,4,11,25,31,34,1
427,28/01/26,2,20,21,24,32,1
428,28/01/26,6,10,16,21,30,2
429,29/01/26,4,11,17,26,31,11
430,29/01/26,1,8,9,19,22,12
431,30/01/26,11,19,27,29,33,5
432,30/01/26,5,6,9,23,32,12
433,31/01/26,7,14,15,26,27,9
434,31/01/26,11,12,16,27,29,6
435,01/02/26,7,15,19,22,34,9
436,01/02/26,1,20,24,26,35,3
437,02/02/26,13,14,15,19,22,3
438,02/02/26,1,3,5,6,11,5
439,03/02/26,19,23,24,32,33,10
440,03/02/26,5,10,11,28,29,5
441,04/02/26,7,14,15,27,35,3
442,04/02/26,17,18,21,30,34,4
443,05/02/26,7,10,13,16,20,9
444,05/02/26,4,5,15,18,32,11
445,06/02/26,3,5,15,18,28,3
446,06/02/26,1,3,4,14,29,4
447,07/02/26,2,3,9,10,31,12
448,07/02/26,3,14,17,19,35,3
449,08/02/26,8,9,11,16,23,9
450,08/02/26,7,16,17,28,30,10
451,09/02/26,4,9,17,18,35,7
452,09/02/26,18,23,24,31,33,1
453,10/02/26,3,18,29,30,31,9
454,10/02/26,7,9,12,13,22,6
455,11/02/26,9,20,23,26,34,10
456,11/02/26,4,9,16,23,28,2
457,12/02/26,6,10,11,26,29,3
458,12/02/26,2,11,15,17,29,5
459,13/02/26,5,11,12,29,32,4
460,13/02/26,10,14,16,20,32,11
461,14/02/26,13,20,22,32,34,12
462,14/02/26,4,6,8,14,25,7
463,15/02/26,1,3,5,10,26,9
464,15/02/26,1,6,8,10,22,7
465,16/02/26,7,18,22,27,29,4
466,16/02/26,4,8,19,21,30,7
467,17/02/26,19,21,22,23,31,4
468,17/02/26,13,21,28,32,35,11
469,18/02/26,11,17,25,30,32,6
470,18/02/26,9,23,27,29,33,1
471,19/02/26,1,13,14,19,30,1
472,19/02/26,9,21,23,25,29,3
473,20/02/26,10,12,27,30,31,12
474,20/02/26,1,9,18,28,33,7
475,21/02/26,5,8,11,13,18,2
476,21/02/26,2,16,17,20,31,1
477,22/02/26,8,9,19,29,30,4
478,22/02/26,2,9,12,16,31,3
479,23/02/26,7,10,11,18,27,6
480,23/02/26,7,13,16,22,35,11
481,24/02/26,12,14,22,23,30,9
482,24/02/26,8,14,18,20,26,7
483,25/02/26,11,16,19,21,32,10
484,25/02/26,5,14,15,16,29,10
485,26/02/26,3,14,19,27,33,10
486,26/02/26,8,15,23,24,26,11
487,27/02/26,2,13,19,25,27,1
488,27/02/26,12,14,18,24,26,5
489,28/02/26,1,3,5,8,24,12
490,28/02/26,3,15,16,27,35,2
491,01/03/26,10,13,19,27,35,12
492,01/03/26,5,12,19,33,35,11
493,02/03/26,1,7,15,34,35,12
494,02/03/26,1,8,14,23,35,5
495,03/03/26,15,16,28,31,32,10
496,03/03/26,3,6,17,20,30,10
497,04/03/26,4,10,17,22,26,9
498,04/03/26,1,2,9,24,29,4
499,05/03/26,14,15,16,17,30,2
500,05/03/26,4,12,15,17,32,7
501,06/03/26,7,9,17,21,30,3
502,06/03/26,3,14,21,23,24,10
503,07/03/26,8,12,22,25,33,9
504,07/03/26,3,18,23,25,32,6
505,08/03/26,11,23,24,26,27,2
506,08/03/26,20,22,25,29,31,12
507,09/03/26,1,13,17,29,35,2
508,09/03/26,7,11,25,28,30,5
509,10/03/26,13,19,21,24,29,10
510,10/03/26,2,3,4,6,20,2
511,11/03/26,11,16,22,26,33,9
512,11/03/26,2,10,29,30,32,7
513,12/03/26,6,8,17,20,24,10
514,12/03/26,5,9,20,29,30,11
515,13/03/26,5,16,18,20,25,5
516,13/03/26,1,6,14,22,30,1
517,14/03/26,4,5,6,24,26,8
518,14/03/26,6,13,19,27,31,8
519,15/03/26,2,9,31,32,35,2
520,15/03/26,3,6,28,30,35,3
521,16/03/26,4,13,21,28,32,11
522,16/03/26,2,8,10,22,23,8
523,17/03/26,3,9,21,33,35,2
524,17/03/26,12,16,18,26,29,6
525,18/03/26,1,5,11,29,34,6
526,18/03/26,9,13,14,22,29,11
527,19/03/26,3,7,14,21,22,8
528,19/03/26,3,15,26,34,35,3
529,20/03/26,3,14,25,28,32,2
530,20/03/26,5,14,17,18,20,6
531,21/03/26,3,6,11,13,17,3
532,21/03/26,7,15,19,27,32,10
533,22/03/26,5,8,11,12,26,6
534,22/03/26,4,13,14,19,33,9
535,23/03/26,3,4,6,14,27,2
536,23/03/26,2,14,17,21,27,10
537,24/03/26,5,18,19,26,30,9
538,24/03/26,8,19,23,27,32,1
539,25/03/26,13,19,26,29,32,7
540,25/03/26,1,4,8,14,26,12
541,26/03/26,15,23,28,30,33,8
542,26/03/26,15,16,26,29,30,11
543,27/03/26,13,21,25,27,34,10
544,27/03/26,1,11,30,31,32,3
545,28/03/26,6,7,10,12,26,3
546,28/03/26,1,8,14,16,28,10
547,29/03/26,3,7,13,19,21,11
548,29/03/26,9,17,22,23,29,12
549,30/03/26,2,3,22,24,34,8
550,30/03/26,9,17,18,24,27,8
551,31/03/26,9,15,18,20,32,2
552,31/03/26,2,18,28,30,35,5
553,01/04/26,4,14,22,31,34,7
554,01/04/26,12,13,18,23,24,3
555,02/04/26,4,6,21,25,30,5
556,02/04/26,15,19,20,26,29,7
557,03/04/26,14,18,23,25,27,1
558,03/04/26,18,22,28,32,35,3
559,04/04/26,3,9,15,19,31,1
560,04/04/26,3,18,19,24,27,6
561,05/04/26,6,10,11,18,25,7
562,05/04/26,13,14,25,26,29,1
563,06/04/26,3,13,16,33,34,4
564,06/04/26,11,17,22,25,28,4
565,07/04/26,9,18,21,26,34,4
566,07/04/26,1,8,12,20,28,2
567,08/04/26,10,16,19,22,32,12
568,08/04/26,19,20,21,26,31,5
569,09/04/26,1,7,18,33,34,1
570,09/04/26,8,10,11,22,30,2
571,10/04/26,8,17,21,31,35,5
572,10/04/26,7,15,19,23,24,6
573,11/04/26,7,13,15,19,32,9
574,11/04/26,3,6,8,20,35,6
575,12/04/26,18,23,32,33,34,2
576,12/04/26,11,21,22,27,34,12
577,13/04/26,12,15,23,26,32,8
578,13/04/26,10,11,12,18,34,3
579,14/04/26,7,11,12,14,27,11
580,14/04/26,5,19,25,29,31,2
581,15/04/26,1,15,20,32,35,8
582,15/04/26,4,13,18,20,26,11
583,16/04/26,12,14,25,30,31,6
584,16/04/26,1,10,15,25,27,11
585,17/04/26,6,10,15,19,22,5
586,17/04/26,3,4,9,12,18,10
587,18/04/26,17,19,30,32,34,2
588,18/04/26,3,17,20,24,35,11
589,19/04/26,4,10,16,17,21,8
590,19/04/26,3,4,5,8,20,9
591,20/04/26,7,10,14,16,34,1
592,20/04/26,2,6,15,22,28,11
593,21/04/26,3,12,13,30,31,1
594,21/04/26,4,7,18,19,25,1
595,22/04/26,1,2,9,17,34,1
596,22/04/26,6,16,17,28,31,10
597,23/04/26,6,7,26,30,33,5
598,23/04/26,1,8,16,21,34,11
599,24/04/26,1,5,6,14,27,5
600,24/04/26,8,15,21,31,35,10
601,25/04/26,4,17,22,24,29,1
602,25/04/26,4,5,6,20,33,12
603,26/04/26,8,12,13,16,24,9
604,26/04/26,9,17,22,34,35,10
605,27/04/26,6,17,32,34,35,4
606,27/04/26,9,10,23,29,35,8
607,28/04/26,3,9,13,30,35,1
608,28/04/26,4,6,15,24,35,11
609,29/04/26,2,17,27,29,31,1
610,29/04/26,16,19,21,25,26,2
611,30/04/26,4,5,6,17,20,6
612,30/04/26,9,13,20,23,31,1
613,01/05/26,3,11,28,29,33,3
614,01/05/26,6,9,19,29,34,6
615,02/05/26,2,7,19,23,35,6
616,02/05/26,1,5,10,12,15,9
617,03/05/26,10,14,20,25,28,12
618,03/05/26,6,8,14,17,20,8
619,04/05/26,8,16,21,28,34,6
620,04/05/26,3,13,17,31,35,2
621,05/05/26,10,20,24,26,33,3
622,05/05/26,8,15,30,32,34,6
623,06/05/26,8,12,16,24,27,7
624,06/05/26,4,10,18,20,29,12
625,07/05/26,1,8,9,21,27,1
626,07/05/26,3,10,21,24,26,1
627,08/05/26,1,12,15,19,27,2
628,08/05/26,2,18,24,26,29,11
629,09/05/26,13,20,26,28,33,7
630,09/05/26,10,11,15,17,22,4
631,10/05/26,5,7,20,28,34,3
632,10/05/26,20,21,22,32,34,4
633,11/05/26,8,15,22,26,30,4
634,11/05/26,4,15,20,29,32,4
635,12/05/26,9,15,18,20,21,8
636,12/05/26,2,5,29,31,33,9
637,13/05/26,1,7,10,14,30,4
638,13/05/26,1,23,24,27,28,1
639,14/05/26,2,19,25,26,34,5
640,14/05/26,2,22,23,27,29,6
641,15/05/26,16,22,24,30,34,6
642,15/05/26,2,11,14,18,34,11
643,16/05/26,1,19,20,25,33,5
644,16/05/26,3,8,21,23,32,2
645,17/05/26,5,13,16,20,28,12
646,17/05/26,14,24,29,33,35,12
647,18/05/26,15,18,32,34,35,7
648,18/05/26,5,11,24,31,32,7
649,19/05/26,1,7,14,31,33,10
650,19/05/26,1,4,10,15,27,7
651,20/05/26,7,22,33,34,35,12
652,20/05/26,1,17,18,22,27,12
653,21/05/26,2,6,13,17,32,12
654,21/05/26,18,19,21,24,33,5
655,22/05/26,4,5,10,20,28,6
656,22/05/26,4,7,14,19,25,10
657,23/05/26,7,11,21,24,26,10
658,23/05/26,18,25,33,34,35,11
659,24/05/26,2,7,10,26,34,6
660,24/05/26,1,8,9,26,34,2
661,25/05/26,11,16,20,23,27,7
662,25/05/26,1,6,9,15,23,8
663,26/05/26,4,9,17,26,31,12
664,26/05/26,14,15,22,24,33,3
665,27/05/26,6,8,13,27,30,8
666,27/05/26,2,3,16,25,33,7
667,28/05/26,13,20,21,25,34,8
668,28/05/26,6,10,14,18,23,10
669,29/05/26,18,19,25,28,30,10
670,29/05/26,7,8,13,31,34,9
671,30/05/26,1,3,5,10,32,4
672,30/05/26,4,6,9,17,35,4
673,31/05/26,9,13,22,27,31,9
674,31/05/26,2,12,22,23,34,5
675,01/06/26,2,4,5,6,23,4
676,01/06/26,11,15,24,27,28,9
677,02/06/26,2,11,15,16,24,9
678,02/06/26,6,18,21,29,35,9
679,03/06/26,5,15,26,33,34,9
680,03/06/26,5,12,17,28,31,8
681,04/06/26,4,11,19,26,27,12
682,04/06/26,10,11,22,28,35,1
683,05/06/26,1,18,23,26,33,4
684,05/06/26,3,5,6,17,28,6
685,06/06/26,8,10,16,32,33,8
686,06/06/26,9,11,14,27,28,2
687,07/06/26,4,8,17,21,26,11
688,07/06/26,15,18,24,29,34,8
689,08/06/26,8,14,22,26,35,10
690,08/06/26,13,14,22,23,28,10
691,09/06/26,4,6,7,22,32,4
692,09/06/26,8,29,30,33,35,4
693,10/06/26,3,15,24,26,33,4
694,10/06/26,1,11,12,16,19,7
695,11/06/26,19,21,23,27,31,6
696,11/06/26,1,15,16,25,28,12
697,12/06/26,4,12,13,14,34,9
698,12/06/26,14,15,20,26,30,12
699,13/06/26,1,15,22,24,31,9
700,13/06/26,18,20,26,29,33,2
701,14/06/26,3,5,17,23,26,2
702,14/06/26,1,13,23,33,34,12
703,15/06/26,17,24,32,33,34,9
704,15/06/26,6,13,16,33,35,1
705,16/06/26,13,15,24,25,32,1
706,16/06/26,8,9,10,15,27,10
707,17/06/26,14,19,21,23,27,5
708,17/06/26,12,14,18,19,33,6
709,18/06/26,10,15,17,18,22,3
710,18/06/26,11,18,19,20,29,3
711,19/06/26,4,19,22,23,33,8
712,19/06/26,5,10,15,18,29,8
713,20/06/26,5,15,17,26,33,8
714,20/06/26,9,15,29,31,33,6
715,21/06/26,2,6,23,29,34,3
716,21/06/26,10,15,16,18,28,6
717,22/06/26,9,18,21,29,34,12
718,22/06/26,5,8,10,18,22,8
719,23/06/26,12,17,19,20,21,4
720,23/06/26,7,23,26,28,34,6
721,24/06/26,5,6,12,13,29,6
722,24/06/26,4,17,24,26,29,9
723,25/06/26,3,9,19,28,35,3
724,25/06/26,2,10,24,26,31,9
725,26/06/26,4,10,25,27,32,4
726,26/06/26,2,6,8,11,14,3
727,27/06/26,2,5,9,21,22,7
728,27/06/26,8,19,23,27,32,4
729,28/06/26,3,6,8,10,35,10
730,28/06/26,6,9,14,27,29,1
731,29/06/26,17,19,28,30,34,8
732,29/06/26,8,22,27,31,35,2
733,30/06/26,5,11,29,32,33,4
734,30/06/26,1,12,22,28,35,9
735,01/07/26,22,26,27,29,32,10
736,01/07/26,4,10,17,21,31,2
737,02/07/26,6,8,9,14,31,9
738,02/07/26,1,8,11,13,33,5
739,03/07/26,3,6,15,20,34,10
740,03/07/26,5,11,20,30,34,5
741,04/07/26,4,22,25,28,35,3
742,04/07/26,2,5,15,22,27,3
743,05/07/26,11,20,23,27,35,5
744,05/07/26,16,17,24,27,30,3
745,06/07/26,4,22,24,28,31,7
746,06/07/26,3,6,10,16,31,2
747,07/07/26,11,12,14,29,31,7
748,07/07/26,2,8,13,21,29,4
749,08/07/26,4,8,11,27,34,6
750,08/07/26,6,7,15,27,35,5
751,09/07/26,6,10,20,25,33,1
752,09/07/26,14,19,25,28,30,4
753,10/07/26,1,5,10,17,34,6
754,10/07/26,9,11,25,29,31,12
755,11/07/26,9,11,16,20,33,9
756,11/07/26,1,4,11,21,27,11
757,12/07/26,14,17,20,21,22,3
758,12/07/26,10,15,22,31,32,12
759,13/07/26,9,11,12,30,35,9
760,13/07/26,2,7,9,13,34,5
761,14/07/26,1,19,23,31,34,7
762,14/07/26,10,18,19,28,33,9
763,15/07/26,1,6,11,18,33,8
764,15/07/26,5,15,18,19,35,5
765,16/07/26,3,17,18,22,29,10
766,16/07/26,2,4,8,9,32,3
767,17/07/26,5,7,22,31,33,6
768,17/07/26,8,19,28,31,33,12
769,18/07/26,2,15,24,30,34,10
770,18/07/26,4,15,23,27,28,1
771,19/07/26,6,12,14,25,26,7
772,19/07/26,5,23,26,27,28,4
773,20/07/26,3,8,23,27,35,8
774,20/07/26,3,12,17,27,35,7
775,21/07/26,1,3,4,15,27,12
776,21/07/26,6,17,18,33,34,9
777,22/07/26,6,14,23,28,30,10
778,22/07/26,3,6,22,23,26,4
779,23/07/26,9,12,17,25,28,6
780,23/07/26,4,5,13,26,29,7
781,24/07/26,11,13,20,34,35,8
782,24/07/26,7,20,29,31,32,2
783,25/07/26,2,8,12,14,19,12
784,25/07/26,1,5,12,14,23,1
785,26/07/26,4,7,10,25,27,9
786,26/07/26,9,13,15,22,32,12
787,27/07/26,10,13,18,21,27,1
788,27/07/26,7,16,28,34,35,9
789,28/07/26,13,17,23,33,35,10
790,28/07/26,7,12,20,21,26,9
791,29/07/26,11,15,19,22,25,5
792,29/07/26,19,20,22,29,35,3
793,30/07/26,4,10,11,16,18,3
794,30/07/26,5,12,24,28,34,3
795,31/07/26,2,21,27,28,33,3
796,31/07/26,15,17,21,28,29,8
797,01/08/26,5,8,13,32,34,4
798,01/08/26,6,9,20,23,33,10
799,02/08/26,7,9,32,33,35,9
800,02/08/26,11,18,26,28,31,12
801,03/08/26,2,9,12,21,25,10
802,03/08/26,2,18,23,31,33,2
803,04/08/26,6,14,15,19,34,3
804,04/08/26,7,9,17,24,34,3
805,05/08/26,10,13,15,16,26,6
806,05/08/26,2,4,12,22,33,8
807,06/08/26,10,15,19,21,23,7
808,06/08/26,3,6,9,11,21,5
809,07/08/26,4,11,13,20,35,4
810,07/08/26,2,4,7,18,29,10
811,08/08/26,3,12,19,29,30,7
812,08/08/26,6,10,13,14,19,8
813,09/08/26,4,13,21,23,28,1
814,09/08/26,1,16,19,29,33,1
815,10/08/26,23,25,28,31,35,3
816,10/08/26,2,8,22,23,30,12
817,11/08/26,15,21,22,32,33,11
818,11/08/26,11,14,15,21,28,10
819,12/08/26,7,9,17,22,33,3
820,12/08/26,13,18,20,23,32,2
821,13/08/2026,8,13,15,23,34,2
822,13/08/2026,1,7,17,26,32,7
823,14/08/2026,4,9,21,22,34,9
824,14/08/2026,3,5,7,25,33,9
825,15/08/2026,2,3,6,16,35,7
826,15/08/2026,8,10,17,20,28,9
827,16/08/2026,9,20,24,30,33,2
828,16/08/2026,3,17,19,26,34,9
829,17/08/2026,7,13,19,32,33,11
830,17/08/2026,3,9,13,22,30,7
831,18/08/2026,3,16,21,29,35,5
832,18/08/2026,5,10,25,26,35,5
833,19/08/2026,1,8,22,26,34,9
834,19/08/2026,1,19,28,29,31,12
835,20/08/2026,8,15,23,27,30,1
836,20/08/2026,2,16,18,22,35,10
837,21/08/2026,12,13,19,23,30,11
838,21/08/2026,2,10,11,13,22,4
839,22/08/2026,1,3,14,32,35,12
840,22/08/2026,9,16,28,30,31,7
841,23/08/2026,2,6,12,15,24,9
842,23/08/2026,3,5,13,26,34,3
843,24/08/2026,1,21,22,24,25,5
844,24/08/2026,1,7,13,24,33,11
845,25/08/2026,13,14,16,20,31,5
846,25/08/2026,8,9,13,15,16,7
847,26/08/2026,3,10,12,26,30,7
848,26/08/2026,3,19,20,25,35,7
849,27/08/2026,1,3,8,11,33,6
850,27/08/2026,9,10,21,33,34,2
851,28/08/2026,12,17,18,21,28,6
852,28/08/2026,11,17,28,29,34,9
853,29/08/2026,2,26,27,32,34,8
854,29/08/2026,6,7,12,18,20,9
855,30/08/2026,2,4,12,21,28,7
856,30/08/2026,13,15,17,26,30,10
857,31/08/2026,4,11,13,18,27,1
858,31/08/2026,1,5,25,27,28,12
859,01/09/26,9,18,20,27,34,12
860,01/09/26,3,4,6,15,22,9
861,02/09/26,7,11,18,26,29,6
862,02/09/26,6,7,9,11,32,12
863,03/09/26,2,15,23,24,30,12
864,03/09/26,7,17,23,24,27,3
865,04/09/26,2,13,19,22,31,1
866,04/09/26,13,16,20,23,25,11
867,05/09/26,3,11,12,18,35,7
868,05/09/26,9,15,20,22,26,2
869,06/09/26,12,16,18,20,29,8
870,06/09/26,11,13,20,23,24,1
871,07/09/26,9,10,15,27,35,11
872,07/09/26,16,17,18,20,32,2
